seq_id,tm
31390,-3.364824056625366
31391,5.819159507751465
31392,7.004497051239014
31393,-1.2941256761550903
31394,-5.364180564880371
31395,2.5954835414886475
31396,2.5171236991882324
31397,-1.234089732170105
31398,-0.2713053524494171
31399,-0.37775519490242004
31400,-1.8939546346664429
31401,-2.663262367248535
31402,-0.9147087335586548
31403,-1.1446805000305176
31404,2.7747316360473633
31405,4.4615960121154785
31406,8.50967025756836
31407,1.6464829444885254
31408,0.2247672826051712
31409,-0.44997096061706543
31410,2.7431318759918213
31411,6.6729865074157715
31412,-0.9070385098457336
31413,-1.259345293045044
31414,0.8854464888572693
31415,2.3828072547912598
31416,-1.7035164833068848
31417,-0.6824191212654114
31418,1.4712473154067993
31419,1.2876310348510742
31420,2.0543696880340576
31421,2.3856048583984375
31422,3.9680607318878174
31423,5.058494567871094
31424,0.965888261795044
31425,-2.8373005390167236
31426,3.019909620285034
31427,0.9549819827079773
31428,2.993410587310791
31429,2.461519718170166
31430,1.6453298330307007
31431,-2.4229047298431396
31432,1.6880617141723633
31433,2.980741500854492
31434,4.2226667404174805
31435,1.2513164281845093
31436,-1.4325759410858154
31437,2.5230677127838135
31438,-0.40757516026496887
31439,3.4168970584869385
31440,4.727921009063721
31441,1.8302792310714722
31442,3.2435991764068604
31443,0.5540306568145752
31444,2.199108600616455
31445,3.013564348220825
31446,3.876164197921753
31447,2.9568135738372803
31448,-2.5261776447296143
31449,-8.589683532714844
31450,-3.2415943145751953
31451,2.941528081893921
31452,-4.581859588623047
31453,1.6826143264770508
31454,10.192915916442871
31455,2.57379412651062
31456,-2.981771230697632
31457,-3.9665257930755615
31458,1.29350745677948
31459,1.8889930248260498
31460,1.0501818656921387
31461,0.9550023078918457
31462,3.0530142784118652
31463,2.5590412616729736
31464,0.1643460988998413
31465,0.9499839544296265
31466,4.321325778961182
31467,1.8321360349655151
31468,4.872860908508301
31469,3.062265157699585
31470,2.097580671310425
31471,5.273417949676514
31472,0.16428451240062714
31473,6.5726447105407715
31474,6.3856520652771
31475,7.403474807739258
31476,1.1664924621582031
31477,1.6887292861938477
31478,-2.8027539253234863
31479,-3.444687604904175
31480,-4.491805553436279
31481,-3.3810067176818848
31482,-3.5855321884155273
31483,-1.6702933311462402
31484,3.429438352584839
31485,4.604156494140625
31486,-0.8423889875411987
31487,-0.024626241996884346
31488,2.141615867614746
31489,-4.824356555938721
31490,-4.380883693695068
31491,-2.6559698581695557
31492,-8.114872932434082
31493,-8.541763305664062
31494,-3.237489938735962
31495,-3.4532082080841064
31496,-3.8114981651306152
31497,-6.023573398590088
31498,-0.8385946750640869
31499,-0.7679903507232666
31500,-0.7250525951385498
31501,0.24563606083393097
31502,-1.7040420770645142
31503,-1.066652774810791
31504,-0.3205486238002777
31505,-3.1534316539764404
31506,-2.451510429382324
31507,-4.946050643920898
31508,-1.6420420408248901
31509,1.5922154188156128
31510,0.44238609075546265
31511,4.649537086486816
31512,-0.3994334042072296
31513,0.5531078577041626
31514,-3.841160297393799
31515,5.283601760864258
31516,4.541551113128662
31517,3.1970314979553223
31518,-0.1778985559940338
31519,0.07671286165714264
31520,2.14192533493042
31521,3.9610698223114014
31522,4.4634599685668945
31523,2.147831439971924
31524,2.9340715408325195
31525,1.8827037811279297
31526,4.103670120239258
31527,4.810721397399902
31528,2.275467872619629
31529,1.3419376611709595
31530,0.8838567137718201
31531,-0.45963117480278015
31532,3.766007423400879
31533,1.8711589574813843
31534,5.659562587738037
31535,5.771108150482178
31536,1.2676373720169067
31537,1.6354597806930542
31538,-16.20070457458496
31539,-3.8889169692993164
31540,-10.856648445129395
31541,1.1170337200164795
31542,6.621883392333984
31543,5.204128265380859
31544,-0.23605214059352875
31545,0.4566558599472046
31546,2.5639026165008545
31547,3.7650365829467773
31548,-4.737151622772217
31549,-0.4289422631263733
31550,1.8674935102462769
31551,0.44978436827659607
31552,-1.4576411247253418
31553,-8.682599067687988
31554,-2.499821186065674
31555,-0.8572765588760376
31556,-3.1901586055755615
31557,-5.671935558319092
31558,-3.8442912101745605
31559,-5.532322883605957
31560,-5.422539710998535
31561,0.06478358060121536
31562,-1.0077117681503296
31563,1.2470929622650146
31564,-6.013269424438477
31565,-3.64316987991333
31566,0.0834946408867836
31567,2.2997684478759766
31568,1.4559863805770874
31569,1.1275241374969482
31570,2.7344231605529785
31571,3.4535512924194336
31572,1.9787098169326782
31573,0.15284763276576996
31574,2.8382983207702637
31575,3.8962628841400146
31576,4.899984836578369
31577,2.9408621788024902
31578,1.5694060325622559
31579,-1.0560345649719238
31580,-4.241364002227783
31581,-4.623663425445557
31582,-6.685006141662598
31583,-0.05096353963017464
31584,1.0657532215118408
31585,-0.5825346112251282
31586,-4.2508745193481445
31587,-2.1805295944213867
31588,0.8027034401893616
31589,-1.1247175931930542
31590,-4.368842124938965
31591,0.4337112605571747
31592,3.7899248600006104
31593,0.2557990550994873
31594,-3.11875057220459
31595,-3.063680648803711
31596,-3.984942674636841
31597,-1.8772046566009521
31598,-4.378655910491943
31599,-3.7840280532836914
31600,-4.899051189422607
31601,-4.199822902679443
31602,-1.5283550024032593
31603,-2.107027769088745
31604,-6.698678493499756
31605,-5.74232816696167
31606,-5.41883659362793
31607,3.1243557929992676
31608,-1.856131672859192
31609,3.439373731613159
31610,2.1647536754608154
31611,-1.490310788154602
31612,-1.9444912672042847
31613,-2.681180000305176
31614,1.8186713457107544
31615,1.9777700901031494
31616,-0.7863550186157227
31617,-3.741669178009033
31618,-1.9815012216567993
31619,7.927314758300781
31620,-0.9695200324058533
31621,1.1104906797409058
31622,4.555740833282471
31623,2.377551794052124
31624,4.012101173400879
31625,0.1336228996515274
31626,-1.450459599494934
31627,-2.077376127243042
31628,-1.7543209791183472
31629,-2.680515766143799
31630,-2.384145498275757
31631,1.0307189226150513
31632,-0.5567023158073425
31633,2.485858917236328
31634,3.684749126434326
31635,-1.785090446472168
31636,0.3051998019218445
31637,2.788951873779297
31638,-3.6966233253479004
31639,-1.2862744331359863
31640,-2.840505838394165
31641,-6.450189113616943
31642,-4.8505754470825195
31643,-7.430793285369873
31644,-4.964283466339111
31645,0.03738635033369064
31646,-6.183103561401367
31647,-0.13896265625953674
31648,-3.0239956378936768
31649,-5.718518257141113
31650,3.5434072017669678
31651,0.43549489974975586
31652,0.06769265979528427
31653,-2.4162704944610596
31654,-2.608914375305176
31655,-4.524639129638672
31656,-7.358114242553711
31657,-3.392094135284424
31658,-4.365612983703613
31659,-1.3763655424118042
31660,-1.5345252752304077
31661,-0.4332178831100464
31662,0.01708989217877388
31663,-3.987072706222534
31664,2.010063648223877
31665,0.10620218515396118
31666,-7.0264811515808105
31667,-5.125972747802734
31668,-2.0715110301971436
31669,-1.601949691772461
31670,-4.0019612312316895
31671,-3.9911794662475586
31672,-1.7298569679260254
31673,2.8552052974700928
31674,0.30020490288734436
31675,-1.4470727443695068
31676,0.2745859622955322
31677,2.1806671619415283
31678,-2.546251058578491
31679,-1.785005807876587
31680,-4.854875564575195
31681,5.161718368530273
31682,-1.8597033023834229
31683,2.117405652999878
31684,3.3814501762390137
31685,-1.4913662672042847
31686,-6.846557140350342
31687,-0.32922202348709106
31688,0.332281231880188
31689,-1.2579333782196045
31690,6.239396095275879
31691,-0.9336722493171692
31692,3.721625804901123
31693,-1.8558002710342407
31694,2.2988815307617188
31695,-4.256632328033447
31696,-3.98429012298584
31697,-1.8231935501098633
31698,-4.288758277893066
31699,-1.98906409740448
31700,-2.1604576110839844
31701,0.8516293168067932
31702,-1.787086844444275
31703,2.8926656246185303
31704,-0.05729813501238823
31705,0.08968649059534073
31706,2.3153676986694336
31707,2.3188295364379883
31708,-0.8915615677833557
31709,0.16152964532375336
31710,-4.596442699432373
31711,-1.1432591676712036
31712,2.239368438720703
31713,-1.5082147121429443
31714,4.008291244506836
31715,0.5930041670799255
31716,-3.7207448482513428
31717,-4.002327919006348
31718,-4.1974358558654785
31719,1.0886119604110718
31720,3.6515719890594482
31721,0.20831066370010376
31722,4.142821311950684
31723,-2.4952902793884277
31724,-4.679500579833984
31725,-5.425362586975098
31726,-4.561566352844238
31727,-3.123673439025879
31728,-7.24763822555542
31729,-1.8991165161132812
31730,-3.0553719997406006
31731,2.247882843017578
31732,2.3015201091766357
31733,2.8823587894439697
31734,3.16813325881958
31735,4.930798530578613
31736,0.8479239344596863
31737,-0.2296985536813736
31738,3.199449300765991
31739,4.03300666809082
31740,3.3607559204101562
31741,-4.181925296783447
31742,-3.337667942047119
31743,-2.080784320831299
31744,-4.889473915100098
31745,-4.599460601806641
31746,-0.9746405482292175
31747,-1.3344286680221558
31748,3.6830379962921143
31749,0.9943539500236511
31750,0.0037236057687550783
31751,-5.512690544128418
31752,-2.6841955184936523
31753,-5.36100435256958
31754,-5.7823052406311035
31755,-5.098240852355957
31756,0.5606498718261719
31757,-1.1656159162521362
31758,-1.8539592027664185
31759,-1.1708534955978394
31760,1.4856092929840088
31761,5.737854480743408
31762,-0.407351016998291
31763,1.8831861019134521
31764,6.5500006675720215
31765,2.0206587314605713
31766,-7.3149213790893555
31767,-6.663958549499512
31768,-8.611604690551758
31769,-8.938718795776367
31770,-0.6986590027809143
31771,2.4829087257385254
31772,1.8932856321334839
31773,-2.651852607727051
31774,-1.9177026748657227
31775,0.5281378626823425
31776,-5.2383341789245605
31777,1.0371758937835693
31778,-1.3445955514907837
31779,-4.792784214019775
31780,-1.0281808376312256
31781,-3.19946026802063
31782,0.8861806392669678
31783,-0.38948488235473633
31784,-1.7748461961746216
31785,4.567746162414551
31786,2.5440354347229004
31787,2.5824339389801025
31788,4.9678239822387695
31789,-0.8236204385757446
31790,6.161905765533447
31791,6.2927632331848145
31792,-0.6950476765632629
31793,0.21869409084320068
31794,0.4685437083244324
31795,1.1564161777496338
31796,-2.362794876098633
31797,0.010169471614062786
31798,-7.014013767242432
31799,-2.704143762588501
31800,-2.038121223449707
31801,-2.4807522296905518
31802,-1.8515863418579102
31803,-1.612282633781433
31804,-4.033536911010742
31805,-5.181139945983887
31806,-3.9753878116607666
31807,-4.905686378479004
31808,-1.4662907123565674
31809,-5.432368755340576
31810,-2.8783390522003174
31811,2.0951430797576904
31812,4.118376731872559
31813,-1.6254206895828247
31814,5.842865943908691
31815,-1.2720930576324463
31816,-0.6157503724098206
31817,-0.11466404795646667
31818,3.3744921684265137
31819,1.435118317604065
31820,2.5060415267944336
31821,4.730726718902588
31822,-0.11879411339759827
31823,0.8751718401908875
31824,2.0601227283477783
31825,0.9101049304008484
31826,3.2419543266296387
31827,3.1499409675598145
31828,0.692412257194519
31829,5.467259883880615
31830,4.291129112243652
31831,2.528139352798462
31832,1.7147948741912842
31833,3.061913251876831
31834,1.4791609048843384
31835,-3.5186715126037598
31836,-0.09139420837163925
31837,0.04982008412480354
31838,-0.23413600027561188
31839,-2.0506479740142822
31840,-2.948394536972046
31841,2.933239459991455
31842,1.1857212781906128
31843,-6.329094886779785
31844,-4.3788018226623535
31845,-10.035980224609375
31846,-4.2887864112854
31847,-2.2161619663238525
31848,-3.0518884658813477
31849,1.5880662202835083
31850,0.5367786884307861
31851,-2.149840831756592
31852,-3.1456027030944824
31853,3.5796866416931152
31854,0.8889085650444031
31855,-1.27054762840271
31856,5.869246482849121
31857,0.5653035640716553
31858,0.5141003131866455
31859,-1.9366021156311035
31860,0.814367413520813
31861,3.6192188262939453
31862,-0.37700700759887695
31863,1.0941553115844727
31864,0.4582897126674652
31865,-0.9046093225479126
31866,0.9520632028579712
31867,1.3983045816421509
31868,0.6260648369789124
31869,1.6537460088729858
31870,-0.41928839683532715
31871,-0.749675989151001
31872,2.4910459518432617
31873,-0.2150770127773285
31874,-0.2521447539329529
31875,0.2214883714914322
31876,-0.5741208791732788
31877,-2.938307762145996
31878,2.310539960861206
31879,3.3588833808898926
31880,-6.6358642578125
31881,1.5310193300247192
31882,4.952396869659424
31883,2.6980481147766113
31884,1.1792923212051392
31885,1.3892136812210083
31886,-6.08469295501709
31887,-3.9710805416107178
31888,3.416630983352661
31889,6.669882774353027
31890,2.665560483932495
31891,4.352344512939453
31892,-0.6940667033195496
31893,1.8239426612854004
31894,-1.120489478111267
31895,-5.764065742492676
31896,-3.487530469894409
31897,-6.298707008361816
31898,-4.9760236740112305
31899,-1.2134606838226318
31900,-4.794811725616455
31901,5.48472261428833
31902,-1.3806108236312866
31903,-7.84650182723999
31904,1.7519129514694214
31905,-0.9238382577896118
31906,-0.15781939029693604
31907,-1.0964467525482178
31908,1.4191327095031738
31909,-0.04342804104089737
31910,2.479609251022339
31911,3.9715187549591064
31912,-0.3881267309188843
31913,0.9407315850257874
31914,0.16570094227790833
31915,0.12985888123512268
31916,-0.579268217086792
31917,0.6577609777450562
31918,6.224958896636963
31919,3.729975700378418
31920,2.1681435108184814
31921,-1.3350759744644165
31922,-2.877185821533203
31923,-1.7793371677398682
31924,-3.4701597690582275
31925,-0.988457202911377
31926,-1.2238258123397827
31927,-4.020414352416992
31928,-3.036386251449585
31929,0.48131176829338074
31930,2.542571544647217
31931,-3.5898025035858154
31932,-2.078714609146118
31933,-6.440506458282471
31934,-5.620357513427734
31935,-0.387567400932312
31936,4.201481342315674
31937,3.7535345554351807
31938,6.825039386749268
31939,2.4844343662261963
31940,3.5671205520629883
31941,-0.9432263970375061
31942,-1.1602038145065308
31943,-3.322918176651001
31944,0.05454998090863228
31945,-2.6059036254882812
31946,-0.09697176516056061
31947,-0.8919981718063354
31948,-0.28189828991889954
31949,-0.9380893707275391
31950,1.8262696266174316
31951,-2.6361637115478516
31952,-0.37815016508102417
31953,-3.001638889312744
31954,-4.90974235534668
31955,-0.6039500832557678
31956,-2.164726734161377
31957,-3.0394883155822754
31958,1.7260940074920654
31959,0.29624566435813904
31960,0.9852147102355957
31961,-2.8531713485717773
31962,-3.8594658374786377
31963,-3.1349265575408936
31964,-4.4435343742370605
31965,-2.550570487976074
31966,-1.4924142360687256
31967,1.4883450269699097
31968,5.023981094360352
31969,1.4681751728057861
31970,-0.16518381237983704
31971,-3.4305005073547363
31972,-1.8823732137680054
31973,2.474632978439331
31974,0.8129093647003174
31975,1.226080060005188
31976,2.85959529876709
31977,3.0723555088043213
31978,4.0343217849731445
31979,2.003551483154297
31980,-1.4118950366973877
31981,3.005535125732422
31982,3.2201807498931885
31983,2.1044232845306396
31984,-3.1780121326446533
31985,-1.8679354190826416
31986,-3.454195261001587
31987,-2.297639846801758
31988,1.0017023086547852
31989,-1.3949425220489502
31990,-2.5503575801849365
31991,1.6913620233535767
31992,2.933245897293091
31993,-4.195596694946289
31994,0.917237401008606
31995,0.03796805441379547
31996,-0.9684017300605774
31997,-4.492119789123535
31998,-4.295603275299072
31999,-2.6140506267547607
32000,-2.2407751083374023
32001,-3.1547694206237793
32002,1.5658105611801147
32003,0.8435416221618652
32004,-0.6243656873703003
32005,-1.702950119972229
32006,1.7557461261749268
32007,0.760455846786499
32008,-0.5622555017471313
32009,-1.532778263092041
32010,2.3569509983062744
32011,2.469041109085083
32012,0.7276121377944946
32013,4.953164577484131
32014,4.113831520080566
32015,9.418359756469727
32016,2.9326353073120117
32017,1.2378616333007812
32018,1.9705073833465576
32019,4.222047805786133
32020,1.497489094734192
32021,0.967621386051178
32022,0.13766734302043915
32023,-2.509653329849243
32024,-3.443723440170288
32025,-1.5024598836898804
32026,2.556220531463623
32027,1.9767043590545654
32028,-1.5311907529830933
32029,0.8801200985908508
32030,0.007188154384493828
32031,0.06275103241205215
32032,-4.331868648529053
32033,1.5666197538375854
32034,1.3555296659469604
32035,1.0334209203720093
32036,1.4089981317520142
32037,-1.805469036102295
32038,-0.44250673055648804
32039,2.9121158123016357
32040,0.9351223111152649
32041,3.088585138320923
32042,-3.293043851852417
32043,-3.37089204788208
32044,0.8568796515464783
32045,2.6126270294189453
32046,0.11491933465003967
32047,2.9979822635650635
32048,-1.3636906147003174
32049,-1.5556315183639526
32050,1.7934778928756714
32051,2.23056960105896
32052,6.187663555145264
32053,-3.902909517288208
32054,-2.1984124183654785
32055,2.414116859436035
32056,7.266170978546143
32057,1.4616817235946655
32058,2.5439133644104004
32059,-2.1588327884674072
32060,2.6588470935821533
32061,2.7256920337677
32062,-1.2895915508270264
32063,-0.320416122674942
32064,-3.881303310394287
32065,-0.8212968111038208
32066,-1.2244868278503418
32067,6.230471611022949
32068,0.456974595785141
32069,-2.6790058612823486
32070,-1.2401164770126343
32071,-3.321321725845337
32072,-1.3345139026641846
32073,0.921061635017395
32074,1.161285400390625
32075,0.13141469657421112
32076,-2.6457202434539795
32077,0.47119712829589844
32078,0.3881758749485016
32079,-0.43741291761398315
32080,0.2938368022441864
32081,1.2300288677215576
32082,0.5067899823188782
32083,1.634018063545227
32084,2.0877649784088135
32085,-0.07895343750715256
32086,1.7986217737197876
32087,1.6074833869934082
32088,3.8397319316864014
32089,3.097557306289673
32090,5.030379295349121
32091,7.622342586517334
32092,3.2478034496307373
32093,2.398700714111328
32094,5.624549865722656
32095,1.1587369441986084
32096,4.336804389953613
32097,0.5134297013282776
32098,2.4872756004333496
32099,7.2142415046691895
32100,2.3167977333068848
32101,1.3005447387695312
32102,-0.8739502429962158
32103,-1.9160727262496948
32104,1.5657105445861816
32105,0.8425852656364441
32106,3.8427670001983643
32107,9.348072052001953
32108,5.453396797180176
32109,4.48618745803833
32110,3.525286912918091
32111,-1.0601105690002441
32112,0.45268747210502625
32113,0.4640841782093048
32114,6.046634674072266
32115,1.9386729001998901
32116,-2.0103588104248047
32117,-2.538285255432129
32118,-7.371565818786621
32119,-2.7413811683654785
32120,0.3877002000808716
32121,-2.1430447101593018
32122,-1.0187727212905884
32123,-0.3416212201118469
32124,-2.1015918254852295
32125,1.7138100862503052
32126,1.3908677101135254
32127,4.4522528648376465
32128,0.6277799606323242
32129,1.98941171169281
32130,-0.1688825488090515
32131,1.7370332479476929
32132,-0.3171718716621399
32133,-3.0622174739837646
32134,2.768195390701294
32135,1.1666752099990845
32136,-0.6791125535964966
32137,3.3407599925994873
32138,-2.372309684753418
32139,-0.6532545685768127
32140,-2.4852285385131836
32141,7.973491191864014
32142,6.510458946228027
32143,4.932941436767578
32144,0.7048643827438354
32145,6.749596118927002
32146,-0.3825697898864746
32147,6.899916648864746
32148,1.7089000940322876
32149,11.161130905151367
32150,6.1600446701049805
32151,5.001577854156494
32152,4.849747657775879
32153,3.612177848815918
32154,3.9279398918151855
32155,-2.6591956615448
32156,-3.280569314956665
32157,-7.041556358337402
32158,-6.767653942108154
32159,-0.6288653016090393
32160,2.7893636226654053
32161,4.112297534942627
32162,4.2376298904418945
32163,3.4988934993743896
32164,4.107595920562744
32165,-0.21714425086975098
32166,-0.5241023898124695
32167,1.5514311790466309
32168,-2.8390204906463623
32169,-1.3202855587005615
32170,1.8854964971542358
32171,0.6211923360824585
32172,5.589959144592285
32173,0.007682438008487225
32174,-2.4161911010742188
32175,1.6824148893356323
32176,-3.3708674907684326
32177,-0.5938428640365601
32178,-0.48637765645980835
32179,1.7318018674850464
32180,4.059743404388428
32181,-1.1035077571868896
32182,-0.984605610370636
32183,0.3106027841567993
32184,5.0564656257629395
32185,-5.180018424987793
32186,-0.4630449414253235
32187,-1.5947480201721191
32188,2.0719504356384277
32189,3.934891939163208
32190,5.329081058502197
32191,4.735311985015869
32192,-0.3317546546459198
32193,2.1624066829681396
32194,0.7397505640983582
32195,-1.3996831178665161
32196,-1.4073565006256104
32197,0.35517174005508423
32198,-7.463898658752441
32199,-0.7388110160827637
32200,-1.889052391052246
32201,1.3288910388946533
32202,-5.451596260070801
32203,-0.07536730170249939
32204,-0.4925091862678528
32205,-0.35093027353286743
32206,-0.01797378435730934
32207,1.4741007089614868
32208,-0.5342947840690613
32209,-1.9501975774765015
32210,1.1604868173599243
32211,4.171779632568359
32212,-1.8526976108551025
32213,1.6146652698516846
32214,-0.2318487912416458
32215,-3.54056978225708
32216,0.16399037837982178
32217,3.50592041015625
32218,2.6005759239196777
32219,1.8675506114959717
32220,-0.06734369695186615
32221,0.12281154841184616
32222,7.419020175933838
32223,0.6673624515533447
32224,7.664135932922363
32225,5.358166694641113
32226,0.7339942455291748
32227,6.063658237457275
32228,5.109981536865234
32229,4.532630443572998
32230,7.429174423217773
32231,1.4109861850738525
32232,-1.4496641159057617
32233,-2.391141891479492
32234,-3.9599649906158447
32235,-1.3363081216812134
32236,2.0148861408233643
32237,-1.9767765998840332
32238,-1.1916629076004028
32239,-2.8303029537200928
32240,2.1993348598480225
32241,-2.475428819656372
32242,-1.8916995525360107
32243,-0.9663251042366028
32244,-3.7600409984588623
32245,-1.5543469190597534
32246,-0.9144809246063232
32247,-1.8821582794189453
32248,-1.9193882942199707
32249,-0.013115603476762772
32250,-1.8098442554473877
32251,-2.742191791534424
32252,0.8894352316856384
32253,4.242456912994385
32254,4.10172176361084
32255,0.7183926701545715
32256,0.8598843216896057
32257,-0.5771951079368591
32258,-2.5033106803894043
32259,-2.924708366394043
32260,-6.17301607131958
32261,-5.646088600158691
32262,-6.265317916870117
32263,-2.5839216709136963
32264,-2.242266893386841
32265,3.8868753910064697
32266,-0.8084472417831421
32267,5.407848834991455
32268,-6.9889984130859375
32269,2.2249460220336914
32270,2.492894411087036
32271,-10.681485176086426
32272,-10.918076515197754
32273,3.2787418365478516
32274,4.331252098083496
32275,1.5620261430740356
32276,-5.168211460113525
32277,-2.4242422580718994
32278,0.05246946960687637
32279,-0.28895825147628784
32280,-4.747709274291992
32281,-4.819044589996338
32282,3.349575996398926
32283,4.618218421936035
32284,5.8814778327941895
32285,4.061039447784424
32286,0.22444051504135132
32287,1.4873143434524536
32288,0.8885356187820435
32289,5.950291633605957
32290,-0.7982795834541321
32291,7.3407440185546875
32292,4.9972968101501465
32293,8.89281940460205
32294,7.547615051269531
32295,1.7733474969863892
32296,6.006954193115234
32297,4.1090087890625
32298,8.131415367126465
32299,5.921980857849121
32300,2.7406537532806396
32301,5.299985408782959
32302,0.5884045362472534
32303,-1.5779657363891602
32304,-2.7001662254333496
32305,-1.3777567148208618
32306,-5.736125946044922
32307,-2.6061060428619385
32308,-3.0967116355895996
32309,-5.002871990203857
32310,-3.4013853073120117
32311,-1.73484468460083
32312,-1.4625067710876465
32313,-3.964202404022217
32314,4.391400337219238
32315,-0.7145699262619019
32316,5.683089733123779
32317,-3.1853299140930176
32318,-2.95058536529541
32319,-4.354234218597412
32320,-3.2726218700408936
32321,2.6882965564727783
32322,-5.767626762390137
32323,-0.973143994808197
32324,0.7958980798721313
32325,0.6347480416297913
32326,-0.034762848168611526
32327,0.7513244152069092
32328,5.123948097229004
32329,2.383575916290283
32330,-1.404276728630066
32331,2.4029996395111084
32332,-2.82248592376709
32333,2.3982160091400146
32334,1.671303391456604
32335,-4.533493995666504
32336,-3.5562591552734375
32337,0.708830714225769
32338,-3.748241901397705
32339,-0.9957714080810547
32340,0.11457055062055588
32341,-4.742272853851318
32342,-4.194319725036621
32343,-8.706632614135742
32344,-5.821243762969971
32345,-3.464462995529175
32346,-6.342804908752441
32347,-2.2779836654663086
32348,-3.568870782852173
32349,2.4788687229156494
32350,-1.122942328453064
32351,0.2994138300418854
32352,7.001389980316162
32353,0.06976691633462906
32354,1.4868788719177246
32355,9.007131576538086
32356,6.470839977264404
32357,3.2773799896240234
32358,-1.8126672506332397
32359,-2.5487332344055176
32360,-1.9210104942321777
32361,-0.9188045263290405
32362,-3.7239809036254883
32363,-1.2409603595733643
32364,2.1668262481689453
32365,0.8052559494972229
32366,-3.7689900398254395
32367,1.1619186401367188
32368,-2.55256986618042
32369,-0.2888003885746002
32370,-2.2551522254943848
32371,1.7694146633148193
32372,1.2506103515625
32373,-3.2613162994384766
32374,-2.9401192665100098
32375,-8.0983247756958
32376,-4.642975807189941
32377,-5.476700782775879
32378,-2.687465190887451
32379,-2.587994337081909
32380,-0.10757940262556076
32381,4.067044734954834
32382,4.233663558959961
32383,0.022919468581676483
32384,-4.380265712738037
32385,-3.6482579708099365
32386,-4.736481189727783
32387,-4.496021747589111
32388,-5.065214157104492
32389,-8.228793144226074
32390,-2.304978847503662
32391,-7.135036468505859
32392,-2.436858892440796
32393,-4.6577534675598145
32394,-5.326749324798584
32395,-3.069180727005005
32396,-0.6064954400062561
32397,0.4271470904350281
32398,3.885833263397217
32399,-1.5043712854385376
32400,-1.4729763269424438
32401,-0.8429775238037109
32402,1.5185532569885254
32403,0.7769735455513
32404,1.189801573753357
32405,3.9678525924682617
32406,4.287882328033447
32407,-0.5424656271934509
32408,-2.5393192768096924
32409,-0.13606590032577515
32410,3.008390188217163
32411,4.182127952575684
32412,1.4212955236434937
32413,-1.2690279483795166
32414,-1.9534878730773926
32415,2.3237192630767822
32416,1.9418495893478394
32417,4.660395622253418
32418,2.421627998352051
32419,2.651899576187134
32420,7.202286720275879
32421,1.0550341606140137
32422,2.5168988704681396
32423,-0.8442046642303467
32424,1.1208727359771729
32425,-2.493152618408203
32426,4.192601680755615
32427,5.404074192047119
32428,4.07651948928833
32429,0.4358237683773041
32430,1.6074782609939575
32431,-4.337616443634033
32432,-1.0331532955169678
32433,-3.0558295249938965
32434,-4.982579231262207
32435,-7.537159442901611
32436,-2.262455463409424
32437,-3.8139100074768066
32438,-0.6665968894958496
32439,-1.7016301155090332
32440,-2.746613025665283
32441,-2.616565704345703
32442,0.7977445125579834
32443,-0.7706338763237
32444,0.660216748714447
32445,6.233181476593018
32446,0.3101467490196228
32447,0.7112232446670532
32448,1.2198710441589355
32449,-1.7190724611282349
32450,-1.290469765663147
32451,3.1319127082824707
32452,2.1498172283172607
32453,-0.2986946105957031
32454,1.4052520990371704
32455,0.3845774233341217
32456,1.7901124954223633
32457,3.2553141117095947
32458,1.4887349605560303
32459,4.111199855804443
32460,1.5657646656036377
32461,-0.5719356536865234
32462,1.4728199243545532
32463,-0.4467619061470032
32464,3.1563780307769775
32465,0.7861027717590332
32466,-1.5101981163024902
32467,-2.1236348152160645
32468,-0.8154866695404053
32469,-1.3869166374206543
32470,-0.872006356716156
32471,0.1802254319190979
32472,-1.7807599306106567
32473,0.3669027090072632
32474,0.6332924365997314
32475,-0.7003636360168457
32476,-1.8790360689163208
32477,-2.2074074745178223
32478,0.3930656313896179
32479,2.715623617172241
32480,1.478118896484375
32481,0.309263676404953
32482,0.7842972874641418
32483,-4.952380657196045
32484,-7.089933395385742
32485,-10.537121772766113
32486,-9.231846809387207
32487,-2.159299612045288
32488,-6.9883036613464355
32489,-2.144338607788086
32490,-3.2323267459869385
32491,-0.19042329490184784
32492,-2.4065494537353516
32493,-2.788904905319214
32494,-4.4104533195495605
32495,-4.205575466156006
32496,-4.966934680938721
32497,0.23580729961395264
32498,-4.523857116699219
32499,1.2491884231567383
32500,-0.034959279000759125
32501,-3.593057155609131
32502,-0.014761097729206085
32503,-3.47831392288208
32504,-6.654021739959717
32505,-0.5154159665107727
32506,1.6432099342346191
32507,-8.988739013671875
32508,-5.817665100097656
32509,-5.393411636352539
32510,-7.810517311096191
32511,-6.653895854949951
32512,-3.9849658012390137
32513,-5.463341236114502
32514,-4.8115081787109375
32515,0.43726375699043274
32516,-0.4514809250831604
32517,-2.5685670375823975
32518,-2.0098841190338135
32519,1.0510189533233643
32520,-3.8132450580596924
32521,-0.9952828884124756
32522,-2.694162607192993
32523,-1.6995999813079834
32524,-0.07771255820989609
32525,2.4847323894500732
32526,-1.3466711044311523
32527,-0.7144826650619507
32528,-1.0760215520858765
32529,0.42498016357421875
32530,3.658306837081909
32531,4.185733795166016
32532,0.4390513300895691
32533,0.19233295321464539
32534,-3.1141879558563232
32535,4.881624221801758
32536,-3.8960421085357666
32537,-4.6247382164001465
32538,-3.0711569786071777
32539,-0.26742446422576904
32540,-4.350749492645264
32541,-0.2775225043296814
32542,-1.6124759912490845
32543,4.662855625152588
32544,0.3221636712551117
32545,-0.8181420564651489
32546,3.9221792221069336
32547,-4.209217548370361
32548,3.174527406692505
32549,0.43436893820762634
32550,-2.953227996826172
32551,1.3469449281692505
32552,0.478732168674469
32553,-7.48846960067749
32554,-7.822190284729004
32555,-1.3235199451446533
32556,-7.974582195281982
32557,-1.4767224788665771
32558,-2.3420450687408447
32560,-6.229996204376221
32561,-7.282970428466797
32562,-2.491900682449341
32563,-9.075002670288086
32564,-8.174306869506836
32565,-4.499292850494385
32566,5.829636573791504
32567,3.080601453781128
32568,4.953489780426025
32569,3.1047351360321045
32570,5.962093353271484
32571,3.8522133827209473
32572,0.766545832157135
32573,-0.8365018963813782
32574,-1.9313735961914062
32575,2.285179853439331
32576,-3.937673568725586
32577,0.44836559891700745
32578,0.5127558708190918
32579,-2.8655152320861816
32580,-2.927656650543213
32581,-3.983224868774414
32582,0.26713788509368896
32583,1.1261582374572754
32584,1.1637520790100098
32585,1.9902255535125732
32586,-4.007552146911621
32587,-5.426651954650879
32588,-2.557713270187378
32589,-2.4151968955993652
32590,-2.8952558040618896
32591,-0.40024733543395996
32592,-3.103696823120117
32593,-8.893641471862793
32594,-1.3040419816970825
32595,0.01801554672420025
32596,-2.5598981380462646
32597,-7.52388858795166
32598,-1.9429223537445068
32599,1.215448260307312
32600,-2.8167665004730225
32601,-1.8704652786254883
32602,-4.523648262023926
32603,-4.189342021942139
32604,-0.20796802639961243
32605,-0.4479256272315979
32606,-2.447324514389038
32607,-7.389391899108887
32608,-8.710816383361816
32609,-9.5254487991333
32610,-7.6131134033203125
32611,-7.162939548492432
32612,5.243736267089844
32613,1.1673409938812256
32614,3.745250701904297
32615,-0.2633017301559448
32616,5.661317825317383
32617,0.6260359883308411
32618,2.859365701675415
32619,0.8672025203704834
32620,2.8675413131713867
32621,0.2653290927410126
32622,0.32253023982048035
32623,4.159955024719238
32624,0.005929756443947554
32625,-0.14384573698043823
32626,2.8336915969848633
32627,-0.27660074830055237
32628,-1.5734456777572632
32629,2.7803759574890137
32630,1.9758261442184448
32631,3.412125825881958
32632,6.258279800415039
32633,-0.5076083540916443
32634,4.429709434509277
32635,1.3066169023513794
32636,5.8017964363098145
32637,3.9820566177368164
32638,1.210018515586853
32639,4.454370021820068
32640,1.5009658336639404
32641,-4.228635787963867
32642,-0.838885486125946
32643,-2.9642300605773926
32644,-3.200812578201294
32645,-2.950178623199463
32646,-5.751352310180664
32647,-5.8244099617004395
32648,-7.925092697143555
32649,2.1418988704681396
32650,1.3562687635421753
32651,-0.08719421178102493
32652,1.0010074377059937
32653,0.2355407327413559
32654,2.5324559211730957
32655,10.532998085021973
32656,4.157024383544922
32657,4.460192680358887
32658,7.360279560089111
32659,2.1610257625579834
32660,1.3411277532577515
32661,5.056866645812988
32662,10.109573364257812
32663,6.553926467895508
32664,8.35040283203125
32665,6.213127613067627
32666,5.033029079437256
32667,5.871261119842529
32668,1.1746339797973633
32669,6.283483028411865
32670,4.76829195022583
32671,0.9217108488082886
32672,5.675125598907471
32673,3.458301067352295
32674,5.546083927154541
32675,7.8987860679626465
32676,2.808344841003418
32677,6.057530403137207
32678,6.659299850463867
32679,0.4870671331882477
32680,2.9137423038482666
32681,4.291526794433594
32682,4.254275321960449
32683,3.3102259635925293
32684,-3.2051045894622803
32685,4.6886372566223145
32686,5.555269718170166
32687,1.894984245300293
32688,5.362766265869141
32689,2.2305121421813965
32690,2.0872316360473633
32691,1.8538669347763062
32692,0.8568381071090698
32693,2.0192742347717285
32694,0.19637832045555115
32695,0.8279536366462708
32696,-0.044663216918706894
32697,2.4550814628601074
32698,-2.271444797515869
32699,-1.043832778930664
32700,1.823757290840149
32701,0.35617345571517944
32702,3.1487786769866943
32703,1.8483816385269165
32704,5.270118713378906
32705,2.572960138320923
32706,4.635467052459717
32707,3.1248016357421875
32708,-0.4115613102912903
32709,3.0719406604766846
32710,4.438685417175293
32711,0.8844163417816162
32712,8.165489196777344
32713,-2.027500629425049
32714,5.529507637023926
32715,4.820494651794434
32716,3.6721444129943848
32717,0.5654966831207275
32718,-0.6300881505012512
32719,-0.16329357028007507
32720,1.3218441009521484
32721,-1.2813153266906738
32722,0.3865634799003601
32723,-1.8858669996261597
32724,-2.7063205242156982
32725,-5.976702690124512
32726,-3.571352958679199
32727,-6.954746723175049
32728,-5.329077243804932
32729,-4.357705593109131
32730,-5.418476581573486
32731,-5.473587512969971
32732,-1.7019459009170532
32733,3.3629684448242188
32734,-5.2919602394104
32735,-2.928055763244629
32736,-5.453819751739502
32737,-5.386338710784912
32738,0.6359407901763916
32739,-3.617337703704834
32740,2.107158660888672
32741,5.220362663269043
32742,10.709949493408203
32743,5.266654968261719
32744,4.144933700561523
32745,2.3832762241363525
32746,5.087344169616699
32747,7.187923908233643
32748,1.6465814113616943
32749,-1.132973074913025
32750,1.0738905668258667
32751,7.318487167358398
32752,7.884461402893066
32753,-5.361795425415039
32754,-4.978113651275635
32755,-6.050421237945557
32756,0.43604812026023865
32757,-5.4582438468933105
32758,-5.329476833343506
32759,-4.252452850341797
32760,-4.400954723358154
32761,-7.267653942108154
32762,1.89194655418396
32763,5.575279235839844
32764,10.115074157714844
32765,6.7554240226745605
32766,3.7997820377349854
32767,3.7850918769836426
32768,3.9140069484710693
32769,0.42719775438308716
32770,1.7602696418762207
32771,-2.4142422676086426
32772,1.1791067123413086
32773,-2.1701507568359375
32774,0.8790498971939087
32775,-4.7383713722229
32776,-0.9272372722625732
32777,3.1341729164123535
32778,0.851364016532898
32779,-1.9309459924697876
32780,1.5120208263397217
32781,-0.5234515070915222
32782,-2.0623533725738525
32783,0.04904720559716225
32784,-2.0423004627227783
32785,-0.6071211099624634
32786,-4.618790626525879
32787,-3.8298749923706055
32788,-1.3936476707458496
32789,1.2477067708969116
32790,0.03209851682186127
32791,4.926601886749268
32792,-2.388840436935425
32793,-1.0814250707626343
32794,0.48798447847366333
32795,-1.0968284606933594
32796,-0.2983863353729248
32797,-0.11538980156183243
32798,1.92595636844635
32799,-0.8936542868614197
32800,-1.6411393880844116
32801,0.7400636076927185
32802,0.13055425882339478
32803,1.54170560836792
32804,-1.6520447731018066
32805,-2.0385165214538574
32806,-4.765488624572754
32807,-3.7187650203704834
32808,-0.5409846901893616
32809,-1.8173596858978271
32810,-0.9408736228942871
32811,-2.745962142944336
32812,-2.2315709590911865
32813,4.416877269744873
32814,-0.1739916056394577
32815,5.4373602867126465
32816,6.684097766876221
32817,3.199939250946045
32818,1.0870647430419922
32819,0.08695530891418457
32820,-0.3865187466144562
32821,-4.179066181182861
32822,1.3713980913162231
32823,-2.652287721633911
32824,-1.498299479484558
32825,-0.8576310873031616
32826,-4.241983413696289
32827,2.2152457237243652
32828,0.9860376715660095
32829,-1.2076538801193237
32830,-0.013247192837297916
32831,0.7622730135917664
32832,-2.641623020172119
32833,-5.162627220153809
32834,1.8220012187957764
32835,1.1784508228302002
32836,1.1857531070709229
32837,-2.2190353870391846
32838,5.8095293045043945
32839,2.1669297218322754
32840,-5.733101844787598
32841,-2.6839094161987305
32842,0.014823059551417828
32843,-0.09009217470884323
32844,4.665223121643066
32845,2.9441041946411133
32846,2.609381675720215
32847,0.6208344101905823
32848,2.329026222229004
32849,3.882711172103882
32850,0.732207715511322
32851,-4.994785308837891
32852,4.8056206703186035
32853,4.401393890380859
32854,-1.0613560676574707
32855,3.8700551986694336
32856,2.4329750537872314
32857,3.889498472213745
32858,1.2602099180221558
32859,1.4150251150131226
32860,0.49678561091423035
32861,2.6619396209716797
32862,0.2772883474826813
32863,7.314465522766113
32864,-0.08728615194559097
32865,0.12003522366285324
32866,1.9849857091903687
32867,-0.004040615167468786
32868,-2.9587104320526123
32869,-4.431938648223877
32870,-1.4201017618179321
32871,-3.8816800117492676
32872,-2.607574224472046
32873,-2.140904188156128
32874,1.5698202848434448
32875,0.2672358751296997
32876,1.9180387258529663
32877,-1.8877458572387695
32878,-3.7561113834381104
32879,-1.6954716444015503
32880,3.1686553955078125
32881,-1.6384663581848145
32882,0.4076235592365265
32883,0.46685847640037537
32884,1.6277090311050415
32885,2.331301212310791
32886,-0.5380240082740784
32887,0.9631264805793762
32888,0.9592211842536926
32889,4.199652671813965
32890,-3.4832520484924316
32891,0.3585544526576996
32892,1.0922945737838745
32893,-3.0022079944610596
32894,-0.066510409116745
32895,2.9713833332061768
32896,-0.4769705533981323
32897,-2.605573892593384
32898,-2.302870035171509
32899,-2.7357327938079834
32900,3.339343309402466
32901,2.3839011192321777
32902,0.743500292301178
32903,4.789839744567871
32904,1.1312583684921265
32905,4.6280436515808105
32906,-4.808962821960449
32907,1.2744841575622559
32908,0.8478381037712097
32909,-0.39683225750923157
32910,-1.0621949434280396
32911,2.925482988357544
32912,0.44206860661506653
32913,1.688729166984558
32914,0.30741792917251587
32915,-1.9379684925079346
32916,0.10239743441343307
32917,1.2035959959030151
32918,0.5827445983886719
32919,-1.0864152908325195
32920,1.2136664390563965
32921,-0.9763661623001099
32922,3.268662214279175
32923,4.375605583190918
32924,-0.014266105368733406
32925,5.479885101318359
32926,-5.584033012390137
32927,-1.7098884582519531
32928,1.9586166143417358
32929,-0.4941106140613556
32930,-1.0826767683029175
32931,-2.0950534343719482
32932,0.022934695705771446
32933,1.032004475593567
32934,-3.5419137477874756
32935,6.199740409851074
32936,1.2595783472061157
32937,4.736669540405273
32938,5.721502304077148
32939,-2.2142179012298584
32940,5.0638628005981445
32941,2.1068356037139893
32942,4.186237335205078
32943,2.901102304458618
32944,3.018991231918335
32945,0.6983337998390198
32946,1.350661277770996
32947,-0.3904154896736145
32948,4.345554828643799
32949,-0.4131982624530792
32950,4.671215534210205
32951,1.314029335975647
32952,-0.2751694619655609
32953,-0.0051903389394283295
32954,-0.18799841403961182
32955,4.127557754516602
32956,1.8616135120391846
32957,4.497777462005615
32958,0.7418954372406006
32959,1.8075103759765625
32960,0.4486224353313446
32961,-0.30435237288475037
32962,0.3108915686607361
32963,-0.1936272829771042
32964,2.396183729171753
32965,-0.7908041477203369
32966,-0.22099384665489197
32967,-4.62818717956543
32968,-1.222930669784546
32969,-0.16131116449832916
32970,-0.3643762767314911
32971,-0.6758615374565125
32972,1.1100594997406006
32973,0.3359304666519165
32974,-0.27469539642333984
32975,-5.894687175750732
32976,-0.572645366191864
32977,1.1743944883346558
32978,2.8216512203216553
32979,0.7975994944572449
32980,1.065989375114441
32981,1.7920531034469604
32982,1.1570422649383545
32983,-0.13832002878189087
32984,0.6859940886497498
32985,1.9109641313552856
32986,5.779792785644531
32987,1.5833375453948975
32988,1.4583414793014526
32989,3.093365430831909
32990,4.176355361938477
32991,6.015944957733154
32992,3.0693936347961426
32993,3.3815464973449707
32994,10.721190452575684
32995,3.1204307079315186
32996,1.5533075332641602
32997,-0.9720562696456909
32998,5.055860996246338
32999,4.460638046264648
33000,-1.2468096017837524
33001,2.60102915763855
33002,1.19313645362854
33003,1.8263081312179565
33004,0.29851895570755005
33005,0.1395893543958664
33006,-0.3914259672164917
33007,2.0883426666259766
33008,3.2656500339508057
33009,-0.4999047815799713
33010,0.5366885662078857
33011,1.422315239906311
33012,0.9420596361160278
33013,-1.7604836225509644
33014,-0.3199443221092224
33015,-1.7716825008392334
33016,2.163634777069092
33017,-3.06784987449646
33018,1.1205840110778809
33019,0.887462854385376
33020,0.6649888753890991
33021,-0.8779792785644531
33022,3.054163694381714
33023,1.5438480377197266
33024,-2.330911874771118
33025,0.7285083532333374
33026,-1.6533732414245605
33027,-3.2284345626831055
33028,-1.5205752849578857
33029,3.3381247520446777
33030,5.3882575035095215
33031,3.9944608211517334
33032,4.967063903808594
33033,1.9389493465423584
33034,1.6774535179138184
33035,2.154261589050293
33036,1.598093032836914
33037,3.2437055110931396
33038,-2.532090663909912
33039,-1.3924529552459717
33040,4.547428131103516
33041,6.730032444000244
33042,1.1947345733642578
33043,1.7373281717300415
33044,4.313194274902344
33045,2.678318500518799
33046,3.1659345626831055
33047,1.566685676574707
33048,2.096039295196533
33049,5.990935802459717
33050,0.15430055558681488
33051,3.0637099742889404
33052,-0.7815188765525818
33053,1.3377074003219604
33054,3.7535221576690674
33055,3.6818835735321045
33056,0.2827046811580658
33057,-2.120389223098755
33058,-0.06908643990755081
33059,2.1559836864471436
33060,0.27848756313323975
33061,-3.6938962936401367
33062,0.23278078436851501
33063,1.3044730424880981
33064,6.633803844451904
33065,2.560300350189209
33066,3.389937400817871
33067,-2.8463971614837646
33068,1.1553291082382202
33069,3.0882134437561035
33070,-0.9168840646743774
33071,-0.6404432654380798
33072,-2.5498714447021484
33073,-3.8248701095581055
33074,0.16220125555992126
33075,-1.278801441192627
33076,0.5320776104927063
33077,-0.6521920561790466
33078,0.5781345367431641
33079,-0.4827047288417816
33080,-1.5936325788497925
33081,-0.5352315306663513
33082,-1.3422389030456543
33083,3.305555582046509
33084,1.7161189317703247
33085,-3.05621600151062
33086,-2.5121216773986816
33087,2.002678871154785
33088,2.5133209228515625
33089,0.7442627549171448
33090,6.571413993835449
33091,2.6693599224090576
33092,0.9686469435691833
33093,1.4513157606124878
33094,0.1762591451406479
33095,2.752821445465088
33096,3.270580291748047
33097,-1.97421395778656
33098,-1.550399899482727
33099,-0.8313292264938354
33100,6.409952640533447
33101,1.1151623725891113
33102,0.41185757517814636
33103,0.3981630504131317
33104,0.35338732600212097
33105,1.4024206399917603
33106,3.5051679611206055
33107,-4.5923566818237305
33108,2.657331943511963
33109,-0.6833999752998352
33110,-1.5964832305908203
33111,-4.396773815155029
33112,0.2953835725784302
33113,-4.123298168182373
33114,2.196051836013794
33115,-3.391831159591675
33116,-0.5813215970993042
33117,0.6113478541374207
33118,-4.090264320373535
33119,-1.6246318817138672
33120,-1.7424840927124023
33121,0.16203685104846954
33122,-0.4147169291973114
33123,3.010263681411743
33124,1.0680866241455078
33125,2.533695936203003
33126,-0.07213359326124191
33127,-3.4047629833221436
33128,-10.140613555908203
33129,-2.078507661819458
33130,-0.7290588617324829
33131,-3.2901761531829834
33132,1.175484299659729
33133,-0.8359233140945435
33134,1.5842899084091187
33135,1.2742767333984375
33136,0.5439227223396301
33137,-1.2133806943893433
33138,-0.16272711753845215
33139,-0.4316425323486328
33140,-0.1458156704902649
33141,0.44087642431259155
33142,-0.5528025031089783
33143,-2.9244883060455322
33144,0.7931792736053467
33145,-0.5362487435340881
33146,-1.894975185394287
33147,7.226442813873291
33148,5.368896007537842
33149,-1.3576706647872925
33150,0.9713136553764343
33151,4.124856948852539
33152,1.405190110206604
33153,-5.018677711486816
33154,2.283067226409912
33155,2.5831573009490967
33156,2.913741111755371
33157,-0.8313333988189697
33158,2.801724910736084
33159,2.2391486167907715
33160,0.3359210789203644
33161,2.1184768676757812
33162,4.3100056648254395
33163,3.238731861114502
33164,0.7437186241149902
33165,1.5853976011276245
33166,7.242521286010742
33167,-0.23406045138835907
33168,-0.07229722291231155
33169,1.5477467775344849
33170,3.9420089721679688
33171,3.5187771320343018
33172,0.6664997339248657
33173,2.352820634841919
33174,1.854300856590271
33175,1.9467321634292603
33176,1.5910269021987915
33177,0.1383618414402008
33178,0.43370482325553894
33179,-0.6589162349700928
33180,1.7446534633636475
33181,0.22924521565437317
33182,2.038100242614746
33183,-1.107146978378296
33184,0.6527052521705627
33185,2.25128173828125
33186,-0.027545420452952385
33187,-1.3700523376464844
33188,-2.8365674018859863
33189,0.4450913369655609
33190,0.054463740438222885
33191,-3.9585041999816895
33192,-4.453591823577881
33193,-1.5773253440856934
33194,-1.316102385520935
33195,-0.09991685301065445
33196,3.922624349594116
33197,0.23449695110321045
33198,1.2413207292556763
33199,5.748388767242432
33200,4.150238513946533
33201,0.6186538934707642
33202,-1.6712478399276733
33203,-1.578270673751831
33204,2.203193426132202
33205,1.156022071838379
33206,0.9071688055992126
33207,2.4682693481445312
33208,1.1976333856582642
33209,-1.6922310590744019
33210,0.5811076760292053
33211,-0.5639328956604004
33212,3.7329421043395996
33213,2.1853744983673096
33214,-1.0690916776657104
33215,-0.9117767214775085
33216,2.0916028022766113
33217,-2.3748857975006104
33218,1.8035835027694702
33219,2.7038681507110596
33220,3.2555880546569824
33221,-3.0407609939575195
33222,0.15595583617687225
33223,-0.31875190138816833
33224,0.11626899987459183
33225,0.9406151175498962
33226,1.8234072923660278
33227,-1.393141508102417
33228,3.3976082801818848
33229,5.984156131744385
33230,-0.18734876811504364
33231,2.563678741455078
33232,-1.389464020729065
33233,3.2556850910186768
33234,1.5415278673171997
33235,1.596701741218567
33236,1.6847376823425293
33237,1.138485312461853
33238,-0.5158330798149109
33239,1.3337184190750122
33240,-0.49991101026535034
33241,0.8685504794120789
33242,-1.7894154787063599
33243,2.391110897064209
33244,1.057774543762207
33245,0.373330295085907
33246,0.08050986379384995
33247,-1.1219671964645386
33248,-0.46286892890930176
33249,-1.4438618421554565
33250,3.4559946060180664
33251,0.035512566566467285
33252,-2.2406089305877686
33253,0.3715079426765442
33254,0.7617987990379333
33255,0.4505370557308197
33256,0.9793684482574463
33257,-0.5678024888038635
33258,-0.24626114964485168
33259,-2.0931808948516846
33260,2.8707170486450195
33261,-0.25248751044273376
33262,3.7910420894622803
33263,1.4161603450775146
33264,0.05729691684246063
33265,4.850545406341553
33266,-2.2242188453674316
33267,0.4837700426578522
33268,5.626774787902832
33269,-2.7479805946350098
33270,-3.5362563133239746
33271,-4.45128870010376
33272,-3.0924055576324463
33273,0.2792782187461853
33274,-7.448449611663818
33275,-0.6734774708747864
33276,-2.7555105686187744
33277,-6.2143144607543945
33278,4.09740686416626
33279,-1.5517382621765137
33280,1.3956499099731445
33281,-1.0734862089157104
33282,0.5937041640281677
33283,-1.534381628036499
33284,2.049329996109009
33285,2.544414758682251
33286,2.9829912185668945
33287,3.57999849319458
33288,-2.665860414505005
33289,2.7720835208892822
33290,-0.6348492503166199
33291,-0.8858150243759155
33292,4.891912937164307
33293,3.813993215560913
33294,0.6626944541931152
33295,-0.6952682733535767
33296,-0.9160194993019104
33297,0.5973846912384033
33298,-0.19881120324134827
33299,0.8519576191902161
33300,-1.1226403713226318
33301,-2.4796793460845947
33302,-0.8162524700164795
33303,0.032305099070072174
33304,0.7031797766685486
33305,2.688081741333008
33306,-2.314987897872925
33307,-2.984236478805542
33308,-3.778818130493164
33309,-1.9210249185562134
33310,-0.5974279642105103
33311,0.6431939005851746
33312,6.9285783767700195
33313,4.8611016273498535
33314,1.9322444200515747
33315,3.8583104610443115
33316,3.4081645011901855
33317,6.534951686859131
33318,0.4108160138130188
33319,5.973028659820557
33320,6.448766708374023
33321,4.470856189727783
33322,-1.3159290552139282
33323,-3.070138931274414
33324,-0.8839967846870422
33325,-6.295623302459717
33326,-1.7288451194763184
33327,1.599570631980896
33328,-1.6205708980560303
33329,1.5497980117797852
33330,0.0879526436328888
33331,-3.195441961288452
33332,-2.254213333129883
33333,5.199401378631592
33334,2.53631854057312
33335,4.212136745452881
33336,1.3825492858886719
33337,-2.571711778640747
33338,1.9147745370864868
33339,1.6254053115844727
33340,1.8851780891418457
33341,3.128866195678711
33342,4.952393531799316
33343,-2.232343912124634
33344,-2.485600233078003
33345,0.6365127563476562
33346,2.5666751861572266
33347,4.019219875335693
33348,0.848761796951294
33349,-0.1913968026638031
33350,-1.4539271593093872
33351,0.08445072174072266
33352,5.255495548248291
33353,4.48344612121582
33354,2.5233571529388428
33355,1.6169887781143188
33356,-0.39125239849090576
33357,-1.152513027191162
33358,-1.6565711498260498
33359,-1.6723204851150513
33360,3.8855175971984863
33361,1.3454545736312866
33362,-0.7716000080108643
33363,-3.234685182571411
33364,-1.6932363510131836
33365,-0.7771414518356323
33366,-4.0203118324279785
33367,8.686483383178711
33368,9.115849494934082
33369,-2.1499030590057373
33370,5.073156833648682
33371,3.0385403633117676
33372,0.1730552613735199
33373,-3.549116373062134
33374,-3.8156869411468506
33375,-5.646910190582275
33376,-3.9903721809387207
33377,-6.728808403015137
33378,-4.660646438598633
33379,-4.383890628814697
33380,-6.409285068511963
33381,-3.9138081073760986
33382,-0.6399842500686646
33383,-6.861915111541748
33384,-1.6214940547943115
33385,-1.2279421091079712
33386,-2.833584785461426
33387,-0.6870428323745728
33388,-1.314316987991333
33389,-3.76163649559021
33390,-3.5692105293273926
33391,-4.712352752685547
33392,-7.088878154754639
33393,0.9751102328300476
33394,-3.2265212535858154
33395,-2.259798288345337
33396,-6.547451019287109
33397,-6.388193607330322
33398,4.904500484466553
33399,2.4708030223846436
33400,-1.180834174156189
33401,4.336092948913574
33402,5.132634162902832
33403,1.3389267921447754
33404,2.01605224609375
33405,5.3181233406066895
33406,4.5823655128479
33407,1.85841965675354
33408,6.006676197052002
33409,1.0468096733093262
33410,5.313709735870361
33411,4.009043216705322
33412,-6.496296405792236
33413,-1.4506726264953613
33414,-7.756875991821289
33415,-6.84904146194458
33416,0.11553962528705597
33417,-3.0042724609375
33418,-1.9783920049667358
33419,-0.3848403990268707
33420,-4.124119758605957
33421,-1.4372485876083374
33422,2.7335402965545654
33423,6.503172397613525
33424,-4.019637584686279
33425,4.431300163269043
33426,5.242823600769043
33427,1.0177079439163208
33428,5.157307147979736
33429,5.8486857414245605
33430,5.612837314605713
33431,-2.4646975994110107
33432,-0.21080926060676575
33433,-2.5765652656555176
33434,-6.070338726043701
33435,-1.4595386981964111
33436,1.0148922204971313
33437,0.2920173704624176
33438,-0.09595100581645966
33439,0.20190571248531342
33440,2.823577880859375
33441,-0.6716505885124207
33442,2.7712812423706055
33443,1.6548619270324707
33444,-0.7481383085250854
33445,5.881538391113281
33446,1.8316994905471802
33447,4.649096488952637
33448,0.9597240090370178
33449,1.7344954013824463
33450,5.262089729309082
33451,-1.405558466911316
33452,0.6953191757202148
33453,-1.1904321908950806
33454,-3.077730655670166
33455,-0.5060646533966064
33456,-5.573435306549072
33457,-2.7093634605407715
33458,-3.4605212211608887
33459,2.41176438331604
33460,4.150176525115967
33461,-4.453606605529785
33462,-3.246868848800659
33463,5.486819267272949
33464,-1.55271315574646
33465,6.08092737197876
33466,-0.9819720983505249
33467,3.718238115310669
33468,-0.3644790053367615
33469,-1.1902658939361572
33470,-2.1762218475341797
33471,1.3062868118286133
33472,3.914689302444458
33473,1.6810048818588257
33474,-2.5232341289520264
33475,3.238978147506714
33476,5.24224853515625
33477,2.1954591274261475
33478,1.1404834985733032
33479,-0.2237275093793869
33480,-5.368713855743408
33481,-5.598989486694336
33482,0.24789363145828247
33483,-0.6937093734741211
33484,-3.3869078159332275
33485,-6.526657581329346
33486,-1.4731969833374023
33487,-5.638091087341309
33488,-5.152980804443359
33489,-2.883790969848633
33490,-0.5440468192100525
33491,-4.936911106109619
33492,-2.438720703125
33493,-2.1044530868530273
33494,-2.553929090499878
33495,-5.398393630981445
33496,-1.1490744352340698
33497,-2.7973718643188477
33498,-2.1922004222869873
33499,-7.461136341094971
33500,0.37162256240844727
33501,-0.6943368911743164
33502,1.2160757780075073
33503,1.4227815866470337
33504,9.794733047485352
33505,10.657404899597168
33506,1.5416990518569946
33507,2.344862699508667
33508,-0.05370236933231354
33509,1.1022074222564697
33510,-0.06335224956274033
33511,0.7489020228385925
33512,5.223567485809326
33513,-3.170685052871704
33514,-1.9897209405899048
33515,-3.628016233444214
33516,0.17487119138240814
33517,-1.3396590948104858
33518,-4.964297294616699
33519,-3.803203821182251
33520,-2.3533449172973633
33521,7.559788703918457
33522,3.809537649154663
33523,1.3227660655975342
33524,0.7721466422080994
33525,3.490220546722412
33526,-1.0133484601974487
33527,-0.4197849929332733
33528,-1.1714974641799927
33529,-0.5822866559028625
33530,1.5313732624053955
33531,-4.935818672180176
33532,-2.940286159515381
33533,-3.4891068935394287
33534,-6.462719917297363
33535,0.9478086233139038
33536,-2.2116103172302246
33537,0.34475192427635193
33538,-2.5178465843200684
33539,-2.3848140239715576
33540,-0.15189525485038757
33541,0.35254162549972534
33542,0.16328302025794983
33543,-3.6143722534179688
33544,1.458076000213623
33545,-2.119680166244507
33546,-1.6092885732650757
33547,1.273309350013733
33548,3.3391380310058594
33549,0.5171669721603394
33550,-0.3671934902667999
33551,-0.19490565359592438
33552,-0.5052006244659424
33553,-4.122954368591309
33554,-2.634939670562744
33555,0.7871516942977905
33556,-0.8928698301315308
33557,-1.0652915239334106
33558,-0.32502061128616333
33559,-1.5461620092391968
33560,0.6139365434646606
33561,-3.516073703765869
33562,-0.503761351108551
33563,0.20928624272346497
33564,-1.2481920719146729
33565,3.8744590282440186
33566,2.7462949752807617
33567,6.0475897789001465
33568,-0.9171834588050842
33569,0.7006077766418457
33570,0.34641343355178833
33571,2.4962382316589355
33572,2.236706495285034
33573,-0.44483035802841187
33574,-3.7004284858703613
33575,-0.5269232988357544
33576,-2.6305043697357178
33577,-0.8906957507133484
33578,-3.427855968475342
33579,-2.9081506729125977
33580,0.6933877468109131
33581,-1.3000108003616333
33582,-2.873769521713257
33583,-5.762836456298828
33584,-2.4233505725860596
33585,-0.7797044515609741
33586,3.4208192825317383
33587,2.015214443206787
33588,6.838612079620361
33589,-2.8000547885894775
33590,-2.722783088684082
33591,0.29114004969596863
33592,0.37159204483032227
33593,-2.225935935974121
33594,-0.5853756070137024
33595,-1.987195372581482
33596,-1.2184847593307495
33597,-1.7407350540161133
33598,-0.5009605288505554
33599,-3.6492834091186523
33600,-0.23980772495269775
33601,-0.6731350421905518
33602,2.933065891265869
33603,2.040421485900879
33604,-0.03808815777301788
33605,1.9687516689300537
33606,-4.261605262756348
33607,0.7370604872703552
33608,-0.6521933674812317
33609,0.11351442337036133
33610,3.0566585063934326
33611,2.7834794521331787
33612,2.2429165840148926
33613,4.670530796051025
33614,4.183228492736816
33615,3.2858002185821533
33616,3.355973720550537
33617,0.8361130952835083
33618,2.211238384246826
33619,1.285697102546692
33620,3.189553737640381
33621,3.5686123371124268
33622,2.661219358444214
33623,-0.25858381390571594
33624,8.972535133361816
33625,0.5903362035751343
33626,-0.12787510454654694
33627,0.10655255615711212
33628,2.2945351600646973
33629,1.2130697965621948
33630,0.3929678499698639
33631,2.8734641075134277
33632,2.870673894882202
33633,3.4272444248199463
33634,0.9996331930160522
33635,1.2306690216064453
33636,0.21307453513145447
33637,2.4580111503601074
33638,5.128822326660156
33639,0.8865969181060791
33640,4.941620349884033
33641,0.3677341341972351
33642,5.37024450302124
33643,2.0084850788116455
33644,1.3809022903442383
33645,1.5911955833435059
33646,7.495159149169922
33647,3.4099502563476562
33648,4.835282802581787
33649,-1.7364542484283447
33650,-3.0310564041137695
33651,0.6840415000915527
33652,2.4683218002319336
33653,-3.7181339263916016
33654,-3.4034502506256104
33655,5.028628826141357
33656,1.5542280673980713
33657,5.3734002113342285
33658,0.9562825560569763
33659,1.1650241613388062
33660,0.856011152267456
33661,1.8046973943710327
33662,4.328293323516846
33663,-1.3302123546600342
33664,-0.8146116137504578
33665,1.8550188541412354
33666,1.0226961374282837
33667,-4.007774829864502
33668,-5.5340142250061035
33669,-5.266092300415039
33670,-6.088622093200684
33671,-2.028552293777466
33672,-0.44749051332473755
33673,-4.592637062072754
33674,-4.213053226470947
33675,-2.7855353355407715
33676,-2.8821053504943848
33677,-6.1814680099487305
33678,-0.43248045444488525
33679,6.900761604309082
33680,3.5103394985198975
33681,0.3229992687702179
33682,3.1802186965942383
33683,-0.10164325684309006
33684,3.5243473052978516
33685,-5.657844543457031
33686,-3.318190574645996
33687,1.0085865259170532
33688,-2.210789918899536
33689,5.708693981170654
33690,5.768324375152588
33691,6.170311450958252
33692,3.7954282760620117
33693,1.3644793033599854
33694,2.1849660873413086
33695,-2.0350637435913086
33696,6.940568447113037
33697,5.279860019683838
33698,2.41269588470459
33699,3.3975026607513428
33700,2.8653171062469482
33701,2.732912063598633
33702,3.2088868618011475
33703,6.767895221710205
33704,0.32962775230407715
33705,3.6310007572174072
33706,6.756419658660889
33707,3.5223581790924072
33708,3.0854063034057617
33709,-4.697662830352783
33710,-0.11783688515424728
33711,-6.317271709442139
33712,-4.482329845428467
33713,-8.063413619995117
33714,-6.826729774475098
33715,-4.995983600616455
33716,1.4970041513442993
33717,-1.7398045063018799
33718,3.2522122859954834
33719,0.566032886505127
33720,3.1751763820648193
33721,6.467257976531982
33722,5.18150520324707
33723,4.638888359069824
33724,3.896319627761841
33725,3.9590938091278076
33726,9.516509056091309
33727,8.378155708312988
33728,5.202114105224609
33729,4.84426736831665
33730,4.488893032073975
33731,4.085325241088867
33732,9.235750198364258
33733,3.618838310241699
33734,1.1331290006637573
33735,0.7920687794685364
33736,7.265653610229492
33737,-3.7324697971343994
33738,-4.517603397369385
33739,6.765265941619873
33740,6.370031833648682
33741,-0.7327605485916138
33742,3.6038825511932373
33743,1.9032642841339111
33744,-2.8157272338867188
33745,2.0908467769622803
33746,2.3452720642089844
33747,-1.3463457822799683
33748,3.8836913108825684
33749,-0.5025528073310852
33750,1.8508938550949097
33751,-0.719319760799408
33752,4.058704853057861
33753,2.5556459426879883
33754,2.1279377937316895
33755,-0.6734318137168884
33756,2.6105222702026367
33757,2.951957941055298
33758,2.366849184036255
33759,4.0928473472595215
33760,0.29451802372932434
33761,0.5947977304458618
33762,2.138153553009033
33763,3.1787314414978027
33764,2.028261184692383
33765,1.882310152053833
33766,0.16035422682762146
33767,-0.8564541339874268
33768,0.9488868117332458
33769,1.3406943082809448
33770,5.295131683349609
33771,-1.0138673782348633
33772,-0.357794851064682
33773,3.447615623474121
33774,1.046725869178772
33775,2.436302900314331
33776,5.531848430633545
33777,-0.6900076866149902
33778,-2.886655807495117
33779,-0.3444981276988983
33780,-0.658082127571106
33781,-4.386663913726807
33782,-1.180935025215149
33783,-0.47927865386009216
33784,-2.68156361579895
33785,0.1636844128370285
33786,-1.944351315498352
33787,-2.000072717666626
33788,1.0948913097381592
33789,-4.839293956756592
33790,1.388216495513916
33791,0.13047383725643158
33792,-2.0961251258850098
33793,-0.09813278913497925
33794,1.4248608350753784
33795,2.358856678009033
33796,0.2507706582546234
33797,-1.9229493141174316
33798,0.9295701384544373
33799,-1.4266841411590576
33800,1.4843817949295044
33801,3.665388584136963
33802,-0.33248022198677063
32559,0.0
